applicant_income,coapplicant_income,loan_amount,gender,married,dependents,education,self_employed,property_area,loan_amount_term,credit_history,loan_status,has_coapplicant
0.7069324084733705,10000000000.0,0.3745522716756506,Male,No,0,Graduate,No,Urban,360,1,Y,no
0.3095106451059042,0.0006631299734747571,0.014312395572704271,Male,Yes,1,Graduate,No,Rural,360,1,N,yes
-0.5690368120816968,10000000000.0,-1.4686602680392549,Male,Yes,0,Graduate,Yes,Urban,360,1,Y,no
-0.8898012899946748,0.00042408821034773433,-0.18090299316304523,Male,Yes,0,Not Graduate,No,Urban,360,1,Y,yes
0.744176036127534,10000000000.0,0.3073664825852919,Male,No,0,Graduate,No,Urban,360,1,Y,no
0.5738511746186529,0.00023832221163011826,1.5121106749983144,Male,Yes,2,Graduate,Yes,Urban,360,1,Y,yes
-1.1795658799643922,0.0006596306068601148,-0.8480482628688094,Male,Yes,0,Not Graduate,No,Urban,360,1,Y,yes
-0.52862787191072,0.0003993610223642013,0.5404205851955626,Male,Yes,3+,Graduate,No,Semiurban,360,0,N,yes
0.11268874495543078,0.0006553079947574931,0.6860857222881014,Male,Yes,2,Graduate,No,Urban,360,1,Y,yes
1.5796261983610314,9.117432530999188e-05,1.8216013394679034,Male,Yes,1,Graduate,No,Semiurban,360,1,N,yes
-0.3811398074808405,0.0014285714285712243,-1.347516231549953,Male,Yes,2,Graduate,No,Urban,360,1,Y,yes
-0.9619948273410501,0.0005434782608695356,-0.4983025662628208,Male,Yes,2,Graduate,No,Urban,360,1,Y,yes
-0.5099104614287067,0.00012336540833950008,1.0937560369204364,Male,Yes,2,Graduate,No,Urban,360,1,Y,yes
-1.7055529058381145,0.00035211267605632563,-0.30736648258529203,Male,No,0,Graduate,No,Rural,360,1,N,yes
-2.2247036077725975,0.0009208103130754216,-2.941843969101878,Male,Yes,2,Graduate,No,Urban,120,1,Y,yes
0.46842879913984303,10000000000.0,-0.05318357245504571,Male,No,0,Graduate,No,Urban,360,1,Y,no
-0.133289905097116,10000000000.0,-0.678344928845983,Male,No,1,Not Graduate,No,Urban,240,1,Y,no
-0.17674796648619634,10000000000.0,-1.1836753540398526,Female,No,0,Graduate,No,Urban,360,0,N,no
0.4412198645359943,10000000000.0,0.14567724862610765,Male,Yes,0,Not Graduate,No,Rural,360,1,N,no
-0.8598244715315727,0.00028571428571427755,-0.2881311754166231,Male,Yes,0,Graduate,No,Urban,360,1,Y,yes
1.0501745969779528,10000000000.0,-0.5859458438242635,Male,Yes,0,Not Graduate,No,Urban,360,0,N,no
0.7280909524286091,0.00017777777777777462,1.741670778700581,Male,Yes,1,Graduate,No,Urban,360,1,Y,yes
-0.8598244715315727,0.0005232862375719245,-0.25630394658493416,Male,Yes,0,Not Graduate,No,Semiurban,360,0,N,yes
-0.27961667163763154,0.0005216484089723254,-0.37674629734248977,Male,Yes,2,Not Graduate,No,Rural,360,0,N,yes
-0.04908910346767875,0.00034188034188033017,0.42773816312155877,Male,Yes,1,Graduate,No,Semiurban,360,1,N,yes
1.312850649681558,10000000000.0,1.0360836223159962,Male,Yes,0,Graduate,Yes,Semiurban,360,1,Y,no
-0.7016922204971945,0.0004438526409231938,-0.12298280049749165,Male,Yes,0,Graduate,No,Semiurban,360,1,Y,yes
0.19547070437852837,0.000961538461538369,-0.45478224426217045,Male,Yes,2,Not Graduate,No,Urban,360,1,Y,yes
-2.136650518420229,10000000000.0,-2.2761255011465673,Male,No,0,Not Graduate,No,Urban,360,1,N,no
-0.026582386057086897,0.00048007681228994333,-0.18090299316304523,Female,No,2,Graduate,No,Semiurban,360,1,Y,yes
0.1622288880416969,0.0002968239833778481,1.1201666785086217,Male,Yes,1,Graduate,No,Urban,360,1,N,yes
-0.4143337637339954,10000000000.0,-1.2302671975001853,Male,No,0,Graduate,No,Urban,360,1,N,no
0.37455227167564814,10000000000.0,-0.5451587023631427,Male,No,1,Graduate,Yes,Rural,360,1,N,no
-0.1871414174791559,0.0005998800239951649,-0.30736648258529203,Male,Yes,0,Graduate,No,Semiurban,360,1,Y,yes
1.5655451534406035,0.0003333333333333222,1.760615958235345,Male,No,3+,Graduate,No,Rural,360,1,N,yes
-1.2390299119485766,0.00048379293662310186,-0.8480482628688094,Male,Yes,0,Graduate,No,Urban,360,1,Y,yes
-1.7606159582353444,0.0007518796992480638,-0.678344928845983,Male,Yes,0,Graduate,No,Urban,360,0,N,yes
-0.08802956097664051,0.0006854009595612964,0.3505339582026334,Female,Yes,0,Graduate,No,Semiurban,360,1,Y,yes
0.1622288880416969,0.00013869625520110764,0.8717211448908972,Male,No,0,Graduate,No,Urban,360,1,Y,yes
-0.0388563800471456,0.0005995203836930096,-0.45478224426217045,Male,No,0,Not Graduate,No,Semiurban,360,1,Y,yes
-0.12092298147937827,10000000000.0,-1.1473826926376922,Male,No,0,Graduate,No,Urban,360,1,N,no
-1.8781628490435063,0.0008244023083263954,-1.9152162843042362,Male,No,0,Graduate,No,Urban,360,1,Y,yes
-1.1012236122496464,10000000000.0,-1.2045294877289034,Male,Yes,0,Graduate,No,Urban,360,0,Y,no
0.07162071774364002,0.00042808219178080357,0.16430087821305892,Male,Yes,0,Graduate,No,Semiurban,360,1,Y,yes
0.37894213807390764,10000000000.0,-0.7936380080012747,Male,Yes,0,Not Graduate,Yes,Urban,360,1,Y,no
-0.24997056199672807,10000000000.0,-0.9883084029812413,Female,No,0,Graduate,No,Urban,360,1,Y,no
0.6202800766584906,10000000000.0,-2.0457290671763255,Male,Yes,1,Graduate,No,Urban,360,1,Y,no
0.696471230250507,10000000000.0,0.3505339582026334,Male,Yes,0,Graduate,No,Urban,360,1,Y,no
-0.8219717322648962,0.0002906976744185962,-0.18090299316304523,Female,Yes,0,Graduate,No,Urban,360,0,N,yes
0.1024066172472924,0.0004395604395604202,0.3505339582026334,Female,No,0,Graduate,No,Semiurban,360,1,Y,yes
-1.5940276003542788,0.000608272506082688,-0.678344928845983,Female,Yes,0,Not Graduate,No,Semiurban,360,1,Y,yes
-0.48676143026395735,10000000000.0,-0.18090299316304523,Female,No,0,Graduate,No,Semiurban,360,1,Y,no
0.19964040262722552,10000000000.0,-0.37674629734248977,Female,No,0,Graduate,No,Semiurban,360,1,N,no
0.33968386132349937,10000000000.0,0.16430087821305892,Male,Yes,2,Graduate,No,Urban,360,1,N,no
1.5121106749983144,10000000000.0,1.59402760035428,Female,Yes,1,Graduate,Yes,Urban,360,0,N,no
-0.7659275490991674,0.0008568980291344595,-0.7631889227190581,Male,Yes,2,Graduate,No,Semiurban,360,1,Y,yes
-1.3838813777140253,0.0006285355122564029,-0.7936380080012747,Male,Yes,0,Graduate,No,Semiurban,360,1,Y,yes
-0.2753670479416064,0.0004545454545454339,0.1871414174791562,Male,Yes,0,Graduate,No,Rural,360,1,N,yes
1.1163459918542564,0.0004444444444444247,0.816252687850451,Male,Yes,1,Graduate,No,Urban,360,1,Y,yes
-0.2881311754166231,0.00034977264777893145,0.3505339582026334,Male,Yes,2,Not Graduate,No,Urban,360,1,Y,yes
-0.9619948273410501,0.0002634351949420373,-0.18090299316304523,Male,Yes,0,Graduate,No,Urban,360,1,Y,yes
-0.5380560751082107,10000000000.0,-0.7254284361057722,Male,Yes,3+,Graduate,No,Urban,360,1,Y,no
-0.8392927384628887,0.00028993911278630646,0.6604388195034012,Male,Yes,0,Not Graduate,Yes,Rural,180,0,N,yes
0.46387037366921974,10000000000.0,0.08802956097664051,Male,Yes,1,Graduate,No,Rural,360,0,N,no
0.1622288880416969,10000000000.0,-0.25630394658493416,Female,No,0,Graduate,No,Semiurban,360,0,N,no
0.6553616909401386,0.00021762785636561007,1.4165762664891384,Male,Yes,0,Graduate,No,Semiurban,360,1,N,yes
-0.3811398074808405,0.00044365572315880903,-0.028627723714253855,Male,No,0,Not Graduate,No,Urban,180,0,N,yes
1.439243424183802,10000000000.0,1.723330853927796,Male,Yes,1,Graduate,No,Urban,360,1,Y,no
0.9750672212365561,10000000000.0,-0.05318357245504571,Male,Yes,3+,Not Graduate,Yes,Urban,60,1,Y,no
0.2226379574808658,10000000000.0,0.21635472313097096,Female,No,0,Graduate,No,Semiurban,360,0,N,no
-0.374552271675648,0.0003261578604044251,0.7174715296491851,Male,Yes,0,Graduate,No,Urban,360,1,Y,yes
-1.6715320203441497,0.0005333333333333048,-0.7631889227190581,Male,Yes,2,Not Graduate,Yes,Semiurban,360,1,Y,yes
-0.1871414174791559,10000000000.0,-1.097482174486827,Male,No,0,Graduate,No,Semiurban,300,1,Y,no
0.40988224171407867,10000000000.0,-0.8480482628688094,Male,Yes,3+,Not Graduate,No,Semiurban,360,0,N,no
0.5427881205951426,0.000563697857948108,0.965247459557299,Male,Yes,3+,Graduate,Yes,Semiurban,360,1,Y,yes
-0.026582386057086897,10000000000.0,-0.3375186731416149,Male,No,0,Graduate,No,Urban,480,1,N,no
-0.026582386057086897,0.00021052631578946925,0.788047637584319,Male,No,0,Graduate,No,Urban,360,1,N,yes
-2.401831658133146,0.0003309066843150122,-0.45478224426217045,Male,Yes,1,Graduate,Yes,Urban,360,1,N,yes
-0.4143337637339954,0.00024999999999999377,0.816252687850451,Male,Yes,3+,Graduate,No,Semiurban,300,0,N,yes
-0.30522373223245663,0.0004616805170821578,0.06547260677920458,Male,Yes,3+,Not Graduate,Yes,Semiurban,360,1,Y,yes
0.018402061770197552,10000000000.0,-0.4076595283505818,Female,No,0,Graduate,No,Semiurban,360,1,Y,no
-1.1163459918542564,10000000000.0,-1.7802149905334643,Male,Yes,1,Graduate,Yes,Semiurban,360,1,Y,no
-2.1785678773774686,0.0005316321105794507,0.6757736934036206,Female,Yes,2,Graduate,No,Urban,360,1,N,yes
0.744176036127534,0.0004444444444444247,1.4994059445934644,Male,Yes,0,Graduate,No,Semiurban,360,1,N,yes
0.08802956097664051,10000000000.0,-1.8435218479685247,Male,Yes,1,Graduate,No,Urban,240,1,Y,no
-1.1553164834776448,0.0003951007506914107,0.21635472313097096,Male,No,0,Graduate,No,Semiurban,360,1,Y,yes
-0.30522373223245663,0.000499999999999975,-0.7254284361057722,Male,Yes,2,Not Graduate,No,Semiurban,360,1,Y,yes
-0.9619948273410501,0.0004721435316335943,-0.5859458438242635,Male,Yes,0,Graduate,No,Semiurban,360,1,Y,yes
1.1714061465321592,10000000000.0,1.1754762301605197,Male,No,0,Graduate,No,Urban,360,1,Y,no
0.6352191715467679,0.00023998080153587136,0.7686719320808362,Male,Yes,0,Graduate,No,Semiurban,360,1,Y,yes
-0.600573668456248,0.00034482758620688465,0.09624260292525748,Male,Yes,0,Graduate,No,Semiurban,360,1,Y,yes
0.8306010857161693,0.00017686593562079631,1.0153247287989173,Male,Yes,2,Graduate,No,Semiurban,180,1,Y,yes
-0.3396838613234992,0.0005494505494505192,-1.097482174486827,Male,Yes,2,Not Graduate,No,Urban,360,1,Y,yes
0.14567724862610737,10000000000.0,-0.12298280049749165,Male,No,0,Graduate,No,Semiurban,360,1,Y,no
-0.10857452501099543,10000000000.0,-2.6455174972862845,Male,No,0,Not Graduate,No,Semiurban,120,1,Y,no
0.9363310362221605,10000000000.0,0.5099104614287067,Male,No,0,Graduate,Yes,Urban,360,1,N,no
-1.0153247287989173,0.00043440486533447286,0.23733354220361266,Female,Yes,0,Graduate,No,Semiurban,360,1,Y,yes
-1.5382789507310397,0.0010030090270811431,-1.8435218479685247,Male,Yes,0,Graduate,No,Semiurban,360,1,Y,yes
0.18298167378508806,10000000000.0,-0.2881311754166231,Male,Yes,0,Not Graduate,No,Semiurban,180,1,Y,no
-1.941461838871156,0.00028240609997175144,0.09624260292525748,Male,Yes,0,Graduate,No,Semiurban,360,1,Y,yes
0.2163547231309701,0.00030646644192459986,0.14567724862610765,Male,Yes,2,Not Graduate,No,Urban,180,1,Y,yes
0.42326160427989934,0.0002627430373095044,0.42773816312155877,Male,No,0,Graduate,No,Semiurban,360,1,Y,yes
1.6238652628381665,10000000000.0,1.2568467456041885,Male,Yes,2,Graduate,No,Urban,360,1,Y,no
0.34836067595313214,0.00027909572983532573,0.7495805960315557,Male,Yes,0,Graduate,No,Semiurban,360,1,Y,yes
0.010222968742306932,0.0013262599469494262,0.5859458438242636,Male,Yes,0,Graduate,No,Urban,360,1,Y,yes
-0.5239313854644335,0.0009708737864076727,-0.678344928845983,Male,Yes,1,Graduate,No,Urban,360,1,Y,yes
1.4994059445934644,0.0008880994671402408,1.2390299119485766,Male,Yes,2,Graduate,No,Urban,360,1,Y,yes
1.008501635214784,10000000000.0,-0.18090299316304523,Male,No,0,Not Graduate,No,Rural,360,1,N,no
-0.006133712868393416,0.0002777777777777701,1.2087636238017798,Male,Yes,2,Graduate,No,Urban,360,0,N,yes
-1.4278181447671003,0.0013262599469494262,-0.8898012899946748,Male,Yes,3+,Not Graduate,No,Semiurban,480,1,Y,yes
0.5522889386984425,10000000000.0,0.21635472313097096,Male,No,0,Graduate,No,Urban,360,1,Y,no
-0.6252442453980434,0.00042863266180881145,0.27749123337671516,Female,Yes,0,Graduate,No,Semiurban,360,1,Y,yes
-0.14981124156733303,0.00024307243558579865,0.4502522734738572,Male,Yes,0,Not Graduate,No,Rural,360,0,N,yes
1.0291147093002335,10000000000.0,0.5404205851955626,Female,No,1,Graduate,Yes,Semiurban,360,1,Y,no
0.5006187301795945,10000000000.0,-0.23312971003320782,Male,No,0,Graduate,No,Semiurban,360,1,Y,no
1.6393426179581063,10000000000.0,0.8989512466029389,Male,Yes,1,Graduate,No,Rural,180,1,Y,no
-0.4143337637339954,0.00043802014892683144,0.46842879913984553,Female,Yes,0,Graduate,No,Semiurban,360,1,Y,yes
-1.284345174023125,0.0007153075822603208,-1.0360836223159957,Male,Yes,1,Graduate,No,Urban,360,1,Y,yes
0.6153311466459382,0.0004668534080298568,0.7686719320808362,Male,Yes,0,Graduate,No,Rural,360,1,N,yes
1.405510617572922,10000000000.0,1.4450272034562262,Female,No,0,Graduate,No,Urban,360,1,Y,no
0.6252442453980434,0.0003749531308586286,0.816252687850451,Male,Yes,0,Graduate,No,Rural,360,1,Y,yes
0.1622288880416969,10000000000.0,-2.0457290671763255,Female,No,0,Graduate,No,Semiurban,360,1,Y,no
-1.3733054066202683,0.00011135857461024375,0.23733354220361266,Female,No,0,Graduate,No,Semiurban,360,0,Y,yes
-0.605478151226714,10000000000.0,-1.097482174486827,Male,Yes,2,Graduate,No,Semiurban,360,1,Y,no
0.2226379574808658,0.0004965243296921303,1.0608812253622362,Male,Yes,0,Not Graduate,No,Rural,360,1,Y,yes
-0.07162071774363989,10000000000.0,-0.9143708321693746,Female,No,0,Graduate,No,Rural,360,1,Y,no
2.2761255011465673,10000000000.0,1.8902272826529993,Male,Yes,3+,Graduate,No,Rural,360,1,Y,no
0.0388563800471456,0.0006097560975609384,-0.09213530508516432,Male,No,0,Graduate,No,Rural,360,1,Y,yes
1.4278181447670977,0.00025974025974025296,0.5859458438242636,Male,Yes,1,Graduate,Yes,Urban,180,0,N,yes
0.788047637584319,0.00038925652004669564,0.8539215645010246,Male,Yes,0,Graduate,No,Rural,360,1,N,yes
2.0981820103497864,10000000000.0,2.941843969101853,Male,No,0,Graduate,Yes,Urban,480,1,Y,no
-1.4931433250025714,0.0005184033177812069,-1.2302671975001853,Male,No,0,Graduate,No,Urban,360,1,Y,yes
-0.7550071398876452,10000000000.0,-1.347516231549953,Male,No,0,Graduate,No,Semiurban,360,1,Y,no
-0.21635472313097065,10000000000.0,-2.6455174972862845,Male,Yes,0,Graduate,Yes,Semiurban,120,1,Y,no
0.4457315233918311,10000000000.0,-0.6252442453980434,Male,No,0,Graduate,No,Semiurban,360,1,Y,no
0.1024066172472924,0.00012903225806451445,1.6087674059163033,Male,Yes,3+,Graduate,No,Semiurban,360,1,N,yes
0.3095106451059042,10000000000.0,-1.053730053553172,Female,Yes,0,Graduate,No,Rural,360,1,N,no
-0.3224059363209213,0.00028571428571427755,-0.9883084029812413,Male,Yes,2,Graduate,Yes,Urban,360,1,Y,yes
1.723330853927796,10000000000.0,1.3225933821521458,Male,No,0,Graduate,No,Semiurban,360,0,N,no
0.1913044019056528,0.0006993006993006504,0.04090256499037674,Male,Yes,2,Not Graduate,No,Rural,360,1,N,yes
0.49598907246975954,0.00048007681228994333,0.8989512466029389,Male,Yes,2,Graduate,No,Rural,360,1,N,yes
0.5738511746186529,10000000000.0,0.6860857222881014,Male,No,0,Graduate,No,Urban,360,1,Y,no
0.9619948273410496,10000000000.0,0.7686719320808362,Male,No,0,Graduate,Yes,Semiurban,180,1,Y,no
-0.7769400730398516,0.0004916420845624144,-0.12298280049749165,Male,Yes,0,Graduate,No,Semiurban,360,1,Y,yes
1.525064274508433,10000000000.0,0.965247459557299,Male,Yes,2,Graduate,No,Urban,180,1,Y,no
-1.1961253804042118,0.00022291573785108732,-0.678344928845983,Female,Yes,0,Graduate,No,Semiurban,360,1,Y,yes
1.6882982200979475,10000000000.0,-1.347516231549953,Female,Yes,2,Graduate,No,Urban,360,1,Y,no
-2.062588798649655,0.000701754385964863,-2.401831658133146,Male,Yes,1,Graduate,No,Urban,360,1,Y,yes
1.3628808489974094,0.0006002400960383793,1.2390299119485766,Female,No,0,Graduate,No,Rural,360,1,N,yes
0.42773816312155877,0.0012048192771082886,-0.05318357245504571,Male,Yes,0,Graduate,No,Semiurban,360,1,Y,yes
0.8509812442845834,10000000000.0,-0.23312971003320782,Male,No,0,Graduate,No,Rural,360,0,N,no
-0.9050932516154206,0.0002666666666666596,0.4502522734738572,Male,Yes,0,Graduate,Yes,Rural,360,1,Y,yes
1.2302671975001858,10000000000.0,1.342464755189476,Male,No,0,Graduate,No,Urban,360,1,N,no
-1.2302671975001858,10000000000.0,-0.3375186731416149,Male,Yes,2,Not Graduate,No,Rural,360,1,N,no
-0.3440190310993634,10000000000.0,-1.8435218479685247,Male,No,0,Graduate,No,Urban,360,1,Y,no
2.5832326938309516,10000000000.0,2.6455174972862943,Male,Yes,3+,Graduate,No,Semiurban,180,0,Y,no
0.744176036127534,10000000000.0,0.5859458438242636,Male,Yes,1,Graduate,No,Rural,360,1,Y,no
1.3032309647608498,10000000000.0,0.965247459557299,Male,Yes,1,Graduate,No,Urban,360,1,Y,no
-0.5859458438242635,0.00048007681228994333,-0.18090299316304523,Male,No,0,Graduate,No,Rural,360,1,Y,yes
0.3095106451059042,0.00017777777777777462,1.3946144440845996,Male,Yes,0,Graduate,No,Semiurban,360,1,Y,yes
-1.688298220097947,0.0009606147934677271,-0.7468755891152848,Male,Yes,0,Not Graduate,No,Semiurban,360,1,Y,yes
1.0863489615722264,10000000000.0,1.5382789507310404,Male,Yes,0,Graduate,No,Urban,360,1,N,no
-0.47757505109643955,0.0007812499999999389,-0.1353529912528246,Male,Yes,1,Graduate,No,Semiurban,360,0,N,yes
0.17467160135095805,0.0006910850034553773,0.5404205851955626,Male,Yes,2,Graduate,No,Rural,360,1,Y,yes
1.2523552172949781,10000000000.0,-1.2045294877289034,Male,Yes,0,Graduate,No,Urban,180,1,Y,no
-0.06342379776579664,0.0003158559696778169,0.8539215645010246,Male,Yes,0,Graduate,No,Rural,360,1,Y,yes
0.3095106451059042,10000000000.0,-0.37674629734248977,Female,Yes,0,Graduate,No,Rural,360,1,N,no
-1.0572988807671384,0.000300030003000291,0.04090256499037674,Male,Yes,0,Graduate,No,Rural,360,1,Y,yes
-1.2659066852994756,10000000000.0,-1.5121106749983138,Male,No,0,Graduate,No,Semiurban,480,0,N,no
1.1012236122496464,10000000000.0,1.0937560369204364,Male,Yes,2,Graduate,No,Semiurban,360,1,Y,no
-1.7902765655457138,0.0005652911249293067,-0.8480482628688094,Male,Yes,0,Not Graduate,No,Rural,360,1,Y,yes
2.720147233675715,10000000000.0,5.19933758270342,Male,Yes,3+,Graduate,No,Urban,300,1,Y,no
-0.1705211199634926,10000000000.0,-1.097482174486827,Male,Yes,3+,Not Graduate,No,Rural,180,1,N,no
0.6503013998880736,0.00017777777777777462,0.965247459557299,Male,Yes,0,Graduate,No,Semiurban,360,1,Y,yes
0.2541916884240296,0.0013586956521737283,-1.0153247287989173,Male,Yes,0,Not Graduate,Yes,Semiurban,360,1,N,yes
-0.19547070437852837,0.0005091649694500759,-0.25630394658493416,Male,Yes,0,Graduate,No,Rural,360,1,Y,yes
-1.4626751807645095,0.0006176652254477692,-0.6352191715467679,Male,Yes,2,Graduate,No,Rural,360,1,Y,yes
0.6054781512267143,8.849557522123815e-05,2.2761255011465673,Male,Yes,3+,Graduate,No,Semiurban,360,0,N,yes
-0.026582386057086897,10000000000.0,-0.25630394658493416,Male,Yes,1,Graduate,No,Semiurban,360,1,Y,no
-1.1795658799643922,0.0006891798759475748,-0.6252442453980434,Male,No,0,Not Graduate,No,Urban,480,0,N,yes
0.8837424922014935,0.00013793103448275673,0.816252687850451,Male,Yes,1,Graduate,No,Urban,360,0,N,yes
-1.6238652628381658,0.00019751135690301803,-1.4335073938249758,Male,No,0,Graduate,No,Rural,360,1,N,yes
0.32671620186163086,10000000000.0,-1.2478888126542218,Male,Yes,0,Graduate,No,Semiurban,180,1,Y,no
2.3343795535337786,10000000000.0,1.4746984319607546,Male,Yes,1,Graduate,No,Semiurban,360,1,N,no
-0.10446214207366518,10000000000.0,-0.5145728379356206,Female,Yes,0,Graduate,No,Semiurban,360,1,Y,no
2.4823862990208614,0.00021052631578946925,-0.18090299316304523,Male,Yes,0,Graduate,Yes,Semiurban,360,1,Y,yes
-1.3225933821521458,10000000000.0,-1.4686602680392549,Male,Yes,1,Graduate,Yes,Rural,300,0,N,no
-1.1278575170839888,0.0004677268475210258,-1.6238652628381658,Male,Yes,0,Graduate,No,Rural,360,1,Y,yes
-2.482386299020859,0.00018882175226585745,0.6860857222881014,Male,Yes,0,Graduate,Yes,Rural,360,1,Y,yes
1.265906685299476,10000000000.0,1.0153247287989173,Male,Yes,0,Graduate,No,Rural,180,1,Y,no
0.4367171689453613,10000000000.0,-1.8902272826529987,Male,No,0,Not Graduate,No,Rural,360,1,Y,no
1.5449882613158787,10000000000.0,0.6503013998880747,Male,No,0,Graduate,No,Semiurban,360,1,N,no
0.7659275490991674,10000000000.0,0.5859458438242636,Male,Yes,0,Not Graduate,No,Urban,360,1,N,no
0.026582386057087175,10000000000.0,-1.1836753540398526,Male,No,0,Graduate,No,Semiurban,360,1,Y,no
0.18714141747915505,10000000000.0,-0.18090299316304523,Male,No,0,Graduate,No,Rural,360,1,Y,no
-0.45932156678845376,0.00038714672861012823,0.7016922204971945,Male,Yes,1,Graduate,No,Semiurban,360,1,N,yes
1.143442748110152,0.0002666666666666596,0.965247459557299,Male,No,0,Graduate,No,Rural,360,1,Y,yes
-1.6393426179581057,0.000422832980972498,-0.18090299316304523,Female,No,0,Not Graduate,No,Urban,360,1,Y,yes
-0.24575388484750388,0.00035511363636362374,-0.3375186731416149,Female,Yes,0,Graduate,No,Semiurban,360,1,Y,yes
1.4626751807645102,10000000000.0,-1.0717108667093587,Male,No,0,Graduate,Yes,Urban,360,1,N,no
-0.8598244715315727,0.000399999999999984,-0.9458819337007035,Male,Yes,1,Not Graduate,No,Semiurban,360,1,Y,yes
0.45478224426217045,10000000000.0,0.6706445701278545,Male,No,2,Graduate,No,Semiurban,360,0,Y,no
0.09213530508516515,10000000000.0,-1.0291147093002333,Male,Yes,3+,Not Graduate,No,Urban,180,1,N,no
-0.1871414174791559,0.000923361034164273,0.1871414174791562,Male,Yes,1,Not Graduate,No,Urban,360,1,Y,yes
0.06342379776579664,10000000000.0,-0.07982245278933635,Male,Yes,2,Not Graduate,No,Semiurban,360,1,Y,no
0.2753670479416064,10000000000.0,-0.18090299316304523,Female,No,0,Not Graduate,No,Semiurban,360,1,Y,no
-0.35706379768622326,10000000000.0,-1.1473826926376922,Female,No,0,Graduate,No,Urban,360,1,Y,no
0.07982245278933663,0.0003951007506914107,-1.6968624144272733,Male,No,0,Not Graduate,No,Rural,360,1,Y,yes
-1.0325928972217282,10000000000.0,-1.6087674059163033,Male,No,0,Graduate,No,Urban,360,1,Y,no
-0.23733354220361252,10000000000.0,-0.016357194473899616,Male,No,0,Graduate,No,Semiurban,360,1,N,no
1.3628808489974094,10000000000.0,1.196125380404213,Female,No,0,Graduate,No,Semiurban,360,1,N,no
-0.2247343114131224,0.000799999999999936,0.014312395572704271,Male,Yes,3+,Graduate,No,Semiurban,360,0,N,yes
1.0717108667093573,10000000000.0,1.312850649681558,Male,Yes,1,Graduate,Yes,Urban,360,1,Y,no
0.6427420096733587,10000000000.0,0.06547260677920458,Male,Yes,3+,Not Graduate,Yes,Rural,360,1,Y,no
-0.40322012366025695,0.000331016219794759,0.23733354220361266,Male,Yes,0,Graduate,No,Urban,360,1,Y,yes
0.022492035773427687,0.0010172939979653085,-0.678344928845983,Male,Yes,3+,Not Graduate,No,Semiurban,360,1,Y,yes
-5.199337582605575,0.0005555555555555247,0.1871414174791562,Male,Yes,0,Graduate,No,Rural,360,1,N,yes
-0.04294892120195928,0.0005633802816901091,0.09624260292525748,Male,Yes,0,Graduate,No,Semiurban,360,1,Y,yes
0.4821631544653404,10000000000.0,-1.2568467456041885,Male,Yes,2,Graduate,No,Semiurban,360,0,N,no
0.2100800187462121,0.0004196391103650684,-0.016357194473899616,Female,Yes,2,Graduate,No,Semiurban,360,1,Y,yes
-1.2750717427366047,10000000000.0,-1.572546701464568,Male,Yes,0,Graduate,No,Urban,360,0,N,no
0.11680487325323866,0.0005824111822946661,-0.25630394658493416,Male,Yes,2,Graduate,No,Semiurban,360,1,Y,yes
-0.5908077138221061,0.00035829451809386034,0.3505339582026334,Male,No,0,Graduate,No,Semiurban,360,1,Y,yes
1.0360836223159962,0.000990099009900892,0.7686719320808362,Male,Yes,0,Graduate,No,Semiurban,360,1,Y,yes
0.8306010857161693,10000000000.0,0.014312395572704271,Male,Yes,0,Graduate,No,Semiurban,360,1,Y,no
-0.348360675953132,10000000000.0,0.7016922204971945,Male,Yes,0,Graduate,No,Rural,360,1,N,no
0.39657585431583237,10000000000.0,0.2584173489011072,Male,Yes,0,Not Graduate,Yes,Urban,360,1,N,no
0.8306010857161693,0.0005899705014748914,1.1754762301605197,Male,Yes,2,Graduate,No,Semiurban,360,1,Y,yes
0.4143337637339902,10000000000.0,0.5404205851955626,Male,No,0,Graduate,No,Semiurban,480,1,Y,no
0.8837424922014935,10000000000.0,1.0937560369204364,Male,No,0,Graduate,Yes,Rural,360,1,Y,no
-1.008501635214784,0.00048685491723464034,-0.5859458438242635,Male,Yes,1,Graduate,No,Semiurban,360,1,Y,yes
-0.055231137058325025,10000000000.0,-2.098182010349786,Male,Yes,0,Graduate,No,Rural,180,1,Y,no
-0.38774392490908316,0.00038491147036180196,-0.18090299316304523,Male,No,0,Not Graduate,No,Rural,360,1,Y,yes
1.143442748110152,10000000000.0,1.5796261983610314,Female,No,0,Graduate,No,Semiurban,360,1,Y,no
-0.4502522734738569,0.0005621135469364495,0.29026304504284284,Male,Yes,1,Graduate,No,Semiurban,360,1,Y,yes
0.5932438886872254,0.0007936507936507307,0.7016922204971945,Male,Yes,1,Graduate,No,Rural,360,1,Y,yes
0.6629837739928774,10000000000.0,1.3946144440845996,Male,Yes,0,Graduate,No,Urban,360,1,N,no
-0.21217065578693298,10000000000.0,-0.12298280049749165,Female,No,0,Graduate,Yes,Urban,360,1,Y,no
-0.0020445595603661,10000000000.0,-0.37674629734248977,Female,No,1,Graduate,No,Rural,360,1,Y,no
-0.3267162018616306,10000000000.0,-0.7936380080012747,Male,Yes,1,Graduate,No,Semiurban,360,1,Y,no
0.6912691562958878,0.000199999999999996,-0.18090299316304523,Male,Yes,2,Graduate,No,Rural,360,1,Y,yes
-0.923727791406017,0.0005042864346948813,0.29026304504284284,Male,Yes,1,Not Graduate,No,Urban,180,1,N,yes
-0.595683589525712,0.00017540782318891114,0.48676143026395746,Male,No,0,Graduate,No,Urban,60,1,Y,yes
0.8306010857161693,0.00076923076923071,-0.5145728379356206,Male,Yes,2,Graduate,Yes,Rural,360,1,Y,yes
-0.2541916884240296,0.00022639800769752713,-0.10446214207366504,Male,Yes,0,Not Graduate,No,Semiurban,360,1,Y,yes
0.7769400730398541,0.00023078698361411883,-0.18090299316304523,Male,No,0,Graduate,Yes,Urban,180,1,N,yes
1.3225933821521458,10000000000.0,-0.37674629734248977,Male,Yes,2,Graduate,No,Urban,360,1,Y,no
0.9174808916539104,10000000000.0,0.23733354220361266,Male,Yes,1,Not Graduate,No,Urban,180,1,Y,no
-0.6706445701278545,0.0005425935973955212,-0.10446214207366504,Male,Yes,1,Graduate,No,Semiurban,480,1,Y,yes
-1.8435218479685247,0.0005353319057815559,-0.9458819337007035,Male,Yes,0,Graduate,No,Urban,360,1,Y,yes
-1.9691171393482514,0.00025706940874035326,1.1201666785086217,Male,Yes,0,Not Graduate,No,Semiurban,360,0,N,yes
-0.2289299937635667,10000000000.0,0.2584173489011072,Female,No,2,Graduate,No,Urban,360,1,N,no
-0.8898012899946748,0.00046146746654358736,-0.5859458438242635,Male,No,0,Not Graduate,Yes,Rural,360,1,Y,yes
-0.8048938917605363,0.0001408252358822681,1.5655451534406035,Male,Yes,1,Not Graduate,No,Semiurban,180,1,Y,yes
1.8005227142946694,10000000000.0,1.0466323666171422,Male,No,0,Graduate,Yes,Urban,360,0,N,no
-0.49367823029714814,10000000000.0,1.3946144440845996,Female,No,3+,Graduate,No,Rural,360,1,Y,no
0.7714221166729748,10000000000.0,-0.2881311754166231,Male,No,0,Not Graduate,No,Rural,360,0,N,no
0.5356945694251272,10000000000.0,-0.8898012899946748,Male,Yes,3+,Graduate,No,Urban,360,1,N,no
1.6715320203441502,0.00047619047619045353,1.6715320203441502,Male,Yes,0,Graduate,No,Rural,360,1,N,yes
0.4593215667884539,10000000000.0,0.014312395572704271,Male,Yes,3+,Not Graduate,No,Semiurban,360,1,N,no
0.7936380080012736,0.00023529411764705327,1.800522714294667,Male,Yes,1,Graduate,No,Urban,360,1,Y,yes
-1.4392434241838012,0.0004526935264825508,0.16430087821305892,Male,No,0,Graduate,No,Semiurban,360,1,Y,yes
-0.19964040262722552,10000000000.0,0.48676143026395746,Female,No,1,Graduate,No,Semiurban,36,1,N,no
0.9949943987667423,10000000000.0,-0.18090299316304523,Female,No,0,Graduate,No,Rural,360,1,Y,no
0.5145728379356206,10000000000.0,0.014312395572704271,Male,No,0,Graduate,Yes,Semiurban,360,1,Y,no
0.12916542521397628,0.00029010733971568636,0.42773816312155877,Male,No,0,Graduate,No,Rural,360,1,Y,yes
0.3877439249090829,0.0007209805335255428,0.40543882718985924,Male,Yes,2,Graduate,No,Semiurban,360,1,Y,yes
0.23943702751606946,0.0005521811154058226,0.5859458438242636,Male,Yes,3+,Graduate,No,Urban,360,0,Y,yes
-0.23733354220361252,10000000000.0,0.1871414174791562,Female,No,0,Graduate,No,Rural,360,1,N,no
-0.6757736934036205,0.0006410256410255999,-0.9458819337007035,Female,No,1,Graduate,No,Urban,360,1,Y,yes
-0.36142548038052325,10000000000.0,-2.401831658133146,Female,No,0,Graduate,No,Urban,360,1,Y,no
1.4746984319607546,10000000000.0,0.21635472313097096,Male,Yes,0,Graduate,No,Urban,360,1,Y,no
-0.696471230250507,0.0005385029617662607,-0.028627723714253855,Male,No,0,Graduate,No,Rural,360,1,Y,yes
-0.8334913046017939,0.00044984255510569274,0.40543882718985924,Male,Yes,0,Graduate,No,Semiurban,360,1,Y,yes
0.0552311370583253,10000000000.0,-0.9458819337007035,Male,Yes,2,Graduate,No,Semiurban,360,1,Y,no
-0.7387931261722569,0.0005428881650379727,-0.2881311754166231,Male,Yes,1,Graduate,No,Semiurban,360,1,Y,yes
0.09624260292525748,0.00030543677458765104,1.1473826926376942,Male,Yes,0,Graduate,No,Semiurban,360,1,Y,yes
-0.4638703736692195,0.00076923076923071,-1.1473826926376922,Male,Yes,0,Graduate,No,Urban,360,1,Y,yes
1.6393426179581063,10000000000.0,2.029431537218613,Male,Yes,0,Graduate,No,Semiurban,360,1,Y,no
0.13328990509711613,10000000000.0,-0.07982245278933635,Female,Yes,0,Not Graduate,No,Rural,360,1,Y,no
0.12504314144649314,0.00041220115416321464,0.5404205851955626,Male,No,1,Not Graduate,Yes,Urban,360,0,N,yes
0.0675216906587891,0.0012499999999998437,-0.37674629734248977,Male,Yes,0,Graduate,No,Semiurban,360,1,Y,yes
-1.2130195421069452,0.0010144045570862589,-1.171406146532159,Male,Yes,2,Graduate,No,Urban,180,1,Y,yes
-1.8216013394679025,0.0006002400960383793,-1.741670778700581,Female,No,0,Graduate,No,Urban,360,1,Y,yes
2.178567877377471,10000000000.0,2.0625887986496703,Male,Yes,0,Graduate,No,Rural,360,1,N,no
-0.4457315233918311,0.0003275466754012339,-0.9685103359194285,Male,No,0,Graduate,No,Rural,360,1,Y,yes
-0.8598244715315727,0.0005824111822946661,-0.7254284361057722,Female,No,0,Graduate,Yes,Semiurban,300,1,N,yes
-0.06752169065878896,0.000499999999999975,-0.18090299316304523,Male,Yes,0,Graduate,No,Rural,360,1,Y,yes
0.14154574380642973,10000000000.0,-0.2881311754166231,Female,No,0,Graduate,No,Semiurban,360,1,Y,no
1.2937303896887355,10000000000.0,0.965247459557299,Male,No,0,Graduate,No,Rural,360,1,Y,no
-0.5006187301795963,0.0004139072847681948,0.27749123337671516,Male,Yes,0,Graduate,No,Rural,360,1,Y,yes
0.27112239139251837,10000000000.0,-0.016357194473899616,Male,Yes,2,Graduate,No,Semiurban,360,0,N,no
-0.45478224426217034,0.0006410256410255999,0.16430087821305892,Male,Yes,2,Graduate,No,Urban,360,1,Y,yes
0.5738511746186529,10000000000.0,0.32887360795773807,Female,No,0,Graduate,No,Urban,480,0,N,no
-1.1278575170839888,0.00029994001199759146,0.7174715296491851,Male,Yes,0,Graduate,No,Semiurban,360,1,Y,yes
0.27961667163763154,0.000799999999999936,-0.45478224426217045,Male,Yes,3+,Graduate,No,Urban,360,1,Y,yes
0.9555199034049282,10000000000.0,1.0937560369204364,Male,Yes,1,Graduate,No,Semiurban,360,1,Y,no
0.35706379768622326,10000000000.0,0.1871414174791562,Female,Yes,1,Graduate,No,Urban,360,1,Y,no
0.4821631544653404,0.00039354584809128717,0.42773816312155877,Female,No,0,Graduate,No,Rural,480,1,N,yes
-1.4931433250025714,0.00034188034188033017,-0.3375186731416149,Male,Yes,1,Graduate,No,Urban,360,1,N,yes
-1.8781628490435063,0.0003408316291751758,-0.9143708321693746,Male,Yes,0,Not Graduate,No,Urban,360,0,N,yes
-0.6809206568418311,0.0005714285714285387,-0.5594473649594337,Male,Yes,0,Not Graduate,No,Semiurban,360,1,Y,yes
0.4821631544653404,10000000000.0,0.11886367539265358,Female,No,0,Graduate,No,Rural,360,1,Y,no
-1.9983659681439412,0.0005546311702717385,-0.7936380080012747,Male,Yes,1,Graduate,No,Urban,360,1,Y,yes
0.1024066172472924,0.000399999999999984,0.29026304504284284,Male,No,0,Graduate,No,Rural,360,1,Y,yes
-1.512110674998313,10000000000.0,-1.4000417531019869,Male,No,0,Not Graduate,No,Urban,360,1,N,no
-0.014312395572704271,0.0006002400960383793,0.1871414174791562,Female,No,0,Graduate,No,Rural,360,1,Y,yes
-1.1012236122496464,0.0005367686527106529,-0.5859458438242635,Female,No,0,Graduate,No,Urban,360,0,N,yes
2.13665051842023,10000000000.0,2.13665051842023,Male,No,0,Graduate,No,Rural,360,1,N,no
1.0572988807671384,10000000000.0,0.8989512466029389,Male,Yes,2,Not Graduate,No,Rural,360,1,Y,no
-0.6427420096733587,10000000000.0,-1.053730053553172,Female,No,0,Graduate,No,Semiurban,360,1,Y,no
-0.6302238700940135,0.00041580041580039853,-0.4076595283505818,Male,No,0,Not Graduate,No,Semiurban,360,1,Y,yes
-0.9300109481621851,10000000000.0,-1.647230857131706,Female,No,0,Graduate,No,Rural,360,1,Y,no
0.6629837739928774,10000000000.0,0.3505339582026334,Male,Yes,2,Graduate,Yes,Rural,84,1,Y,no
-1.0431032203148425,0.0005425935973955212,0.5570580542856575,Male,Yes,0,Graduate,No,Rural,360,1,N,yes
-0.27112239139251804,0.0006097560975609384,-0.4076595283505818,Male,Yes,1,Not Graduate,No,Urban,180,1,Y,yes
-0.04908910346767875,10000000000.0,-0.18090299316304523,Male,Yes,2,Graduate,No,Semiurban,360,1,Y,no
-1.4508597300405885,0.0004686035613870446,-0.9883084029812413,Male,Yes,0,Graduate,No,Urban,360,1,Y,yes
-0.15808698706650237,10000000000.0,-0.37674629734248977,Female,No,1,Graduate,No,Semiurban,360,1,Y,no
1.3628808489974094,10000000000.0,0.48676143026395746,Male,Yes,1,Graduate,Yes,Rural,360,1,N,no
-1.1012236122496464,0.00046146746654358736,-0.2881311754166231,Male,Yes,0,Graduate,No,Semiurban,360,1,Y,yes
0.24997056199672807,0.005291005291002492,-0.07982245278933635,Male,Yes,3+,Graduate,No,Semiurban,360,1,Y,yes
-0.11680487325323866,0.0006289308176100233,-0.11268874495543078,Male,Yes,2,Not Graduate,No,Rural,360,1,Y,yes
-0.42773816312155877,0.00033500837520936903,0.11886367539265358,Female,No,0,Graduate,No,Rural,360,1,Y,yes
1.741670778700581,10000000000.0,1.6552229466433468,Male,Yes,3+,Graduate,No,Rural,360,1,Y,no
1.1878049155971644,0.00020068231988761386,1.9152162843042373,Male,Yes,1,Graduate,Yes,Rural,360,0,N,yes
0.4502522734738575,10000000000.0,0.06547260677920458,Male,No,0,Graduate,No,Rural,360,0,Y,no
0.6860857222881014,0.0004629629629629415,0.8717211448908972,Male,Yes,0,Graduate,Yes,Semiurban,360,1,Y,yes
0.23943702751606946,0.00040799673602609515,-0.45478224426217045,Female,Yes,0,Graduate,No,Urban,360,1,N,yes
-0.9619948273410501,10000000000.0,-1.4335073938249758,Female,No,0,Graduate,No,Urban,360,1,Y,no
0.2668826140925133,0.0005577244841048211,-0.24154157278872657,Male,No,1,Graduate,No,Urban,360,1,Y,yes
-0.6202800766584904,10000000000.0,-0.7468755891152848,Male,No,0,Graduate,No,Semiurban,360,1,Y,no
-0.696471230250507,10000000000.0,-1.284345174023125,Male,No,0,Graduate,No,Urban,360,1,Y,no
2.941843969101832,10000000000.0,2.2247036077725997,Male,Yes,0,Graduate,No,Urban,180,1,Y,no
1.33246330000184,0.000545553737043069,0.8539215645010246,Male,Yes,1,Graduate,Yes,Urban,180,1,Y,yes
0.6005736684562467,0.00022271714922048502,-1.347516231549953,Male,Yes,0,Graduate,Yes,Semiurban,360,1,Y,yes
0.5356945694251272,0.0014534883720928118,0.5859458438242636,Male,Yes,1,Graduate,No,Rural,360,1,Y,yes
-0.9619948273410501,0.00021739130434782135,0.788047637584319,Male,Yes,2,Graduate,Yes,Rural,360,1,Y,yes
-1.741670778700581,10000000000.0,-1.4000417531019869,Female,No,3+,Not Graduate,No,Urban,360,0,N,no
0.14981124156733316,10000000000.0,-1.284345174023125,Female,No,0,Graduate,No,Semiurban,360,1,Y,no
-0.8162526878504508,0.0006301197227472822,0.7387931261722569,Male,Yes,3+,Not Graduate,No,Rural,360,1,N,yes
-1.143442748110152,10000000000.0,-1.941461838871156,Female,No,0,Graduate,No,Rural,360,1,N,no
0.2923962346946953,0.0008136696501219842,0.5404205851955626,Male,Yes,1,Not Graduate,No,Urban,360,1,Y,yes
-0.40322012366025695,10000000000.0,-1.2302671975001853,Male,Yes,3+,Not Graduate,No,Semiurban,360,1,Y,no
-0.8898012899946748,0.0004291845493562047,-0.05318357245504571,Male,Yes,2,Graduate,No,Rural,360,1,Y,yes
-0.9949943987667418,0.0004068348250610087,0.5859458438242636,Male,Yes,0,Graduate,No,Semiurban,360,1,Y,yes
-0.16637357399260472,0.00030959752321980466,0.4502522734738572,Male,Yes,0,Not Graduate,No,Rural,360,0,N,yes
-0.49367823029714814,0.0004612546125461042,-0.028627723714253855,Male,Yes,2,Not Graduate,No,Urban,360,1,Y,yes
0.8687354562121606,0.00021819768710451193,1.4450272034562262,Male,Yes,0,Graduate,No,Semiurban,360,1,Y,yes
-0.8277177885460902,0.00015999999999999744,0.965247459557299,Male,Yes,0,Graduate,No,Rural,360,1,Y,yes
1.2215979444328557,10000000000.0,1.265906685299476,Male,Yes,0,Graduate,No,Semiurban,360,1,Y,no
1.196125380404213,0.00023998080153587136,1.6882982200979475,Male,No,0,Graduate,No,Rural,360,1,N,yes
-0.7964425109555121,0.00048007681228994333,-0.8480482628688094,Male,Yes,3+,Graduate,No,Rural,360,1,Y,yes
0.5932438886872254,10000000000.0,-0.5594473649594337,Female,Yes,0,Graduate,Yes,Rural,360,0,N,no
-1.0790010138453783,0.001980198019801588,0.06547260677920458,Female,Yes,0,Graduate,No,Semiurban,360,1,Y,yes
0.0020445595603663783,10000000000.0,-0.25630394658493416,Female,No,1,Graduate,No,Urban,180,1,Y,no
1.143442748110152,0.0003157562361856547,0.6604388195034012,Male,Yes,2,Graduate,No,Rural,360,1,Y,yes
0.04704218183314087,10000000000.0,-1.4335073938249758,Male,Yes,1,Graduate,No,Urban,360,1,N,no
-0.5690368120816968,0.0006002400960383793,-0.678344928845983,Male,Yes,0,Not Graduate,No,Urban,480,0,N,yes
0.5192464270676913,0.0003157562361856547,1.0937560369204364,Male,Yes,3+,Graduate,No,Semiurban,360,1,Y,yes
0.39215606592815155,10000000000.0,-1.097482174486827,Female,No,1,Graduate,No,Semiurban,360,1,N,no
0.4821631544653404,0.00027270248159257506,1.2937303896887355,Male,Yes,2,Graduate,No,Semiurban,360,1,Y,yes
0.4010034032687261,0.00042863266180881145,0.06547260677920458,Male,Yes,0,Graduate,No,Urban,360,1,Y,yes
-0.5522889386984424,0.0003297065611605562,-0.8480482628688094,Male,Yes,0,Graduate,No,Urban,300,1,Y,yes
0.949084793511454,10000000000.0,0.3073664825852919,Male,No,0,Graduate,Yes,Rural,360,1,Y,no
0.8162526878504518,10000000000.0,0.14567724862610765,Male,No,0,Not Graduate,No,Rural,360,1,N,no
-0.9619948273410501,10000000000.0,-0.7936380080012747,Male,No,0,Graduate,No,Semiurban,480,1,N,no
0.5099104614287067,10000000000.0,-0.07982245278933635,Male,No,0,Graduate,No,Rural,360,0,N,no
0.8627871852797143,10000000000.0,0.7686719320808362,Male,Yes,1,Graduate,No,Semiurban,360,1,Y,no
2.0625887986496583,0.00018989745537409438,2.4823862990208614,Male,Yes,0,Graduate,No,Rural,360,1,N,yes
1.760615958235345,10000000000.0,-1.6968624144272733,Female,No,0,Graduate,Yes,Semiurban,360,1,Y,no
0.5239313854644343,10000000000.0,0.48676143026395746,Male,Yes,2,Graduate,No,Semiurban,360,1,Y,no
1.2523552172949781,0.00012701638511367804,1.9414618388711569,Male,Yes,2,Graduate,Yes,Rural,300,1,Y,yes
-0.5192464270676999,0.0005032712632108453,-0.4076595283505818,Male,No,1,Graduate,No,Urban,180,0,N,yes
-0.7280909524286102,0.0006854009595612964,-0.45478224426217045,Female,No,0,Graduate,No,Urban,360,1,Y,yes
0.41879351142650695,0.0010834236186347689,-0.18090299316304523,Male,Yes,0,Graduate,No,Urban,180,1,Y,yes
1.196125380404213,0.000200160128102478,0.06547260677920458,Male,Yes,3+,Graduate,No,Rural,360,1,Y,yes
0.23312971003320795,10000000000.0,0.06547260677920458,Male,Yes,0,Graduate,No,Semiurban,360,1,Y,no
-0.5145728379356205,10000000000.0,-1.284345174023125,Male,No,0,Graduate,No,Urban,480,1,N,no
0.5618398736892694,10000000000.0,0.06547260677920458,Male,Yes,2,Graduate,No,Urban,360,1,Y,no
-0.30522373223245663,0.000399999999999984,0.014312395572704271,Male,Yes,0,Graduate,No,Semiurban,360,1,Y,yes
0.7227710524372918,0.00023629489603024017,1.6393426179581063,Male,No,0,Graduate,No,Semiurban,360,1,Y,yes
0.744176036127534,10000000000.0,0.505259143006037,Female,No,0,Graduate,No,Urban,360,1,Y,no
0.9883084029812418,10000000000.0,0.014312395572704271,Male,No,0,Graduate,Yes,Urban,360,1,Y,no
0.29666661954030304,10000000000.0,-0.678344928845983,Male,Yes,2,Graduate,No,Urban,360,1,N,no
-0.08802956097664051,10000000000.0,-0.3375186731416149,Male,No,1,Graduate,No,Urban,180,1,Y,no
-1.1633236701902416,0.0006249999999999609,0.11886367539265358,Male,No,0,Not Graduate,No,Semiurban,360,1,Y,yes
-0.5570580542856579,0.000318877551020398,-0.05318357245504571,Male,Yes,0,Not Graduate,No,Urban,360,0,N,yes
-1.1795658799643922,0.0004137360364087541,0.21635472313097096,Male,Yes,0,Graduate,No,Urban,360,1,Y,yes
0.5859458438242633,10000000000.0,-0.05318357245504571,Male,Yes,0,Graduate,No,Rural,360,1,Y,no
1.2390299119485777,10000000000.0,0.8989512466029389,Male,No,3+,Graduate,No,Rural,360,1,Y,no
1.2843451740231258,10000000000.0,1.5382789507310404,Male,Yes,3+,Graduate,No,Rural,360,1,Y,no
-0.8898012899946748,0.0004728132387706632,-0.18090299316304523,Male,Yes,0,Graduate,No,Urban,360,1,Y,yes
-1.525064274508433,0.0006153846153845775,-0.3375186731416149,Male,Yes,2,Not Graduate,No,Semiurban,180,1,Y,yes
-0.46842879913984514,0.0007142857142856632,-0.3375186731416149,Male,Yes,2,Graduate,No,Urban,360,1,Y,yes
-0.335355066107158,0.002066115702478912,0.1871414174791562,Male,Yes,2,Graduate,No,Semiurban,360,1,Y,yes
-0.39657585431583225,10000000000.0,-1.284345174023125,Female,No,0,Graduate,No,Urban,360,0,N,no
-0.5333360473849258,0.0006854009595612964,-0.8480482628688094,Male,Yes,0,Graduate,No,Urban,360,1,Y,yes
0.059326969659005094,0.0006002400960383793,-0.4983025662628208,Male,No,0,Not Graduate,No,Rural,360,1,Y,yes
-2.098182010349786,0.0005555555555555247,-0.6103972416161403,Female,No,0,Graduate,No,Semiurban,360,0,N,yes
-0.6655330297566361,10000000000.0,-1.983529459962034,Male,Yes,2,Not Graduate,No,Urban,180,0,N,no
-0.7334315386649495,10000000000.0,-1.4994059445934638,Male,No,0,Not Graduate,No,Rural,300,1,N,no
-0.9619948273410501,4.999999999999975e-05,-0.6103972416161403,Male,No,0,Graduate,No,Semiurban,360,1,Y,yes
-1.5517678492294624,10000000000.0,-1.7606159582353444,Female,No,0,Not Graduate,No,Semiurban,360,1,Y,no
1.0221954209216437,10000000000.0,1.0608812253622362,Female,No,0,Graduate,Yes,Rural,360,1,N,no
0.28813117541662325,10000000000.0,-0.2881311754166231,Female,No,0,Graduate,No,Semiurban,360,1,Y,no
-1.3324633000018395,0.0004166666666666493,-0.2881311754166231,Male,Yes,0,Not Graduate,No,Urban,360,1,Y,yes
-1.2984660271416804,10000000000.0,-1.4686602680392549,Female,No,0,Not Graduate,No,Rural,360,1,Y,no
1.1240037873292394,10000000000.0,0.4502522734738572,Male,Yes,1,Graduate,No,Semiurban,300,0,N,no
5.19933758270342,10000000000.0,1.8663657463384593,Male,Yes,3+,Graduate,No,Rural,360,0,N,no
0.042948921201959415,10000000000.0,-1.525064274508433,Female,No,1,Not Graduate,Yes,Semiurban,360,1,N,no
0.8451225586052608,10000000000.0,0.5859458438242636,Male,Yes,0,Graduate,No,Urban,360,1,Y,no
0.7992532921569528,10000000000.0,1.2215979444328557,Male,Yes,0,Not Graduate,No,Rural,360,0,N,no
-1.2478888126542218,0.0004918839153959423,-0.45478224426217045,Male,Yes,0,Not Graduate,No,Rural,360,1,Y,yes
-1.3526023290604838,0.00030892801977138373,0.7992532921569528,Female,Yes,0,Not Graduate,No,Semiurban,360,0,N,yes
-0.5762633458897072,10000000000.0,-1.572546701464568,Female,No,0,Graduate,No,Urban,360,1,Y,no
-0.8598244715315727,10000000000.0,0.5859458438242636,Female,No,1,Graduate,No,Urban,360,1,N,no
-2.0294315372186174,4.999999999999975e-05,1.3032309647608498,Male,Yes,2,Graduate,Yes,Urban,360,1,N,yes
-2.334379553533778,0.0003606202668589845,-0.37674629734248977,Male,Yes,0,Graduate,No,Rural,360,1,Y,yes
-0.35270889734288297,0.0007057163020465274,0.2584173489011072,Male,Yes,0,Graduate,No,Semiurban,360,1,Y,yes
0.7016922204971945,10000000000.0,0.2584173489011072,Male,Yes,0,Graduate,No,Rural,360,1,Y,no
-0.7495805960315556,10000000000.0,-1.1473826926376922,Female,No,0,Not Graduate,No,Urban,360,0,N,no
-1.7902765655457138,0.0005817335660267259,-0.678344928845983,Male,Yes,0,Graduate,No,Urban,360,1,Y,yes
1.00172517188126,0.0005998800239951649,-0.45478224426217045,Male,Yes,1,Graduate,No,Urban,360,0,N,yes
1.7055529058381156,10000000000.0,-0.7936380080012747,Male,Yes,0,Graduate,No,Semiurban,360,1,Y,no
-0.7964425109555121,0.0002325581395348783,-0.1353529912528246,Male,Yes,0,Graduate,No,Rural,360,1,Y,yes
0.33103254585219605,10000000000.0,-1.097482174486827,Female,No,1,Not Graduate,No,Rural,360,1,N,no
0.7174715296491851,10000000000.0,0.14567724862610765,Male,Yes,2,Graduate,No,Semiurban,360,1,Y,no
-0.6352191715467679,0.06203473622113016,-1.0153247287989173,Male,Yes,0,Graduate,No,Rural,360,1,Y,yes
-0.7604560083867613,10000000000.0,-1.572546701464568,Male,No,0,Not Graduate,No,Urban,180,1,Y,no
1.1795658799643927,10000000000.0,0.40543882718985924,Female,No,1,Graduate,Yes,Semiurban,360,1,Y,no
0.9050932516154206,10000000000.0,-0.5594473649594337,Male,No,0,Graduate,No,Rural,360,0,N,no
1.59402760035428,10000000000.0,1.998365968143923,Male,No,0,Graduate,No,Semiurban,360,1,Y,no
-1.0717108667093587,0.0004273504273504091,0.32887360795773807,Male,Yes,0,Graduate,No,Semiurban,360,1,Y,yes
-0.026582386057086897,10000000000.0,-0.678344928845983,Male,No,0,Graduate,No,Urban,360,1,Y,no
1.3838813777140253,10000000000.0,0.8807252293726691,Female,No,0,Graduate,No,Semiurban,240,1,Y,no
-1.6087674059163033,0.0005402485143165565,-1.8435218479685247,Male,No,0,Graduate,No,Semiurban,360,1,Y,yes
-1.2984660271416804,0.0008888888888888099,-0.9883084029812413,Male,Yes,0,Graduate,No,Urban,360,1,Y,yes
1.4165762664891384,10000000000.0,0.965247459557299,Male,No,0,Graduate,Yes,Urban,360,0,N,no
0.9816662977163267,10000000000.0,0.2584173489011072,Female,Yes,0,Not Graduate,Yes,Rural,360,1,Y,no
-0.09624260292525762,0.00019747235387045423,0.965247459557299,Male,No,0,Graduate,No,Semiurban,360,1,Y,yes
1.079001013845379,0.000545553737043069,0.816252687850451,Male,Yes,0,Graduate,No,Rural,360,1,Y,yes
0.3833393192435979,0.0005017561465127696,0.37894213807390886,Male,No,3+,Not Graduate,No,Semiurban,360,1,Y,yes
2.4018316581331414,10000000000.0,0.4502522734738572,Male,No,1,Graduate,No,Semiurban,360,1,Y,no
1.008501635214784,0.00012000480019200624,0.7686719320808362,Male,Yes,0,Graduate,No,Rural,300,1,Y,yes
-0.20590148816539017,0.0008264462809916672,0.06547260677920458,Male,Yes,1,Graduate,Yes,Rural,360,1,Y,yes
0.34836067595313214,10000000000.0,-0.45478224426217045,Male,Yes,2,Not Graduate,No,Rural,360,1,Y,no
-0.1622288880416969,0.0007267441860464588,-1.6968624144272733,Male,Yes,0,Graduate,No,Rural,360,1,N,yes
-0.2923962346946957,0.0005847953216373927,0.40543882718985924,Male,Yes,2,Graduate,No,Rural,360,0,N,yes
-0.7174715296491874,0.0006485084306095558,1.0291147093002335,Male,No,1,Not Graduate,Yes,Semiurban,360,1,N,yes
-1.2045294877289034,0.0007968127490039206,-0.05318357245504571,Male,Yes,2,Not Graduate,No,Rural,360,0,N,yes
-1.572546701464568,0.0006868131868131396,-1.572546701464568,Male,Yes,2,Not Graduate,No,Urban,300,1,Y,yes
0.07572094855989295,0.0005770340450086222,0.3877439249090829,Male,Yes,0,Graduate,No,Rural,360,0,N,yes
-1.022195420921643,0.00040551500405513357,-0.9458819337007035,Male,Yes,0,Graduate,No,Rural,180,0,Y,yes
0.9685103359194317,10000000000.0,-1.053730053553172,Male,No,0,Graduate,Yes,Semiurban,360,1,Y,no
0.032718766907242514,10000000000.0,-0.7936380080012747,Male,Yes,2,Graduate,No,Semiurban,360,1,Y,no
0.22892999376356685,10000000000.0,-0.23312971003320782,Male,Yes,0,Graduate,No,Urban,360,1,Y,no
-0.059326969659005094,0.00038925652004669564,0.7387931261722569,Male,Yes,0,Graduate,No,Urban,360,1,N,yes
0.26264762879715636,10000000000.0,0.21635472313097096,Male,No,2,Graduate,No,Rural,360,1,Y,no
1.1633236701902416,10000000000.0,0.5859458438242636,Male,Yes,0,Graduate,No,Semiurban,360,1,N,no
-1.4165762664891377,0.0002449179524859112,0.5859458438242636,Male,Yes,0,Graduate,Yes,Semiurban,360,0,Y,yes
1.0644772364498742,10000000000.0,0.014312395572704271,Male,Yes,3+,Graduate,No,Urban,180,1,Y,no
-0.5475323517056637,0.000457038391224842,0.4638703736692194,Male,Yes,0,Graduate,No,Rural,360,1,Y,yes
0.5286278719107168,10000000000.0,0.11886367539265358,Female,No,1,Not Graduate,Yes,Semiurban,360,1,Y,no
0.1622288880416969,10000000000.0,-0.7468755891152848,Male,No,0,Graduate,No,Semiurban,360,0,N,no
0.744176036127534,10000000000.0,0.29026304504284284,Male,No,0,Graduate,No,Rural,360,1,Y,no
-0.6153311466459388,0.0006009615384615023,-1.347516231549953,Male,Yes,3+,Not Graduate,No,Urban,180,0,N,yes
1.8902272826529993,10000000000.0,-0.45478224426217045,Male,Yes,0,Graduate,No,Semiurban,360,1,Y,no
-2.941843969101878,0.0003428179636612841,-0.7468755891152848,Female,Yes,2,Not Graduate,No,Semiurban,360,1,Y,yes
0.23943702751606946,0.00040799673602609515,-0.45478224426217045,Male,Yes,0,Graduate,No,Urban,360,1,N,yes
-0.22054258152024314,0.00048100048100045787,0.6402303742159859,Male,Yes,1,Graduate,Yes,Semiurban,360,1,Y,yes
-0.810560217208519,0.0006666666666666222,-0.3375186731416149,Male,Yes,1,Not Graduate,No,Rural,180,0,N,yes
0.37016961143453997,10000000000.0,-0.678344928845983,Male,Yes,3+,Graduate,No,Semiurban,360,1,Y,no
-0.9619948273410501,10000000000.0,-0.9143708321693746,Female,No,0,Graduate,Yes,Urban,360,1,Y,no
0.6103972416161403,0.00021514629948364425,0.6402303742159859,Male,No,2,Graduate,No,Rural,360,1,Y,yes
1.8216013394679034,0.0009861932938855043,0.40543882718985924,Male,Yes,2,Graduate,Yes,Rural,360,1,Y,yes
0.9300109481621851,0.0005714285714285387,1.275071742736603,Male,Yes,2,Graduate,No,Semiurban,300,1,Y,yes
-0.6860857222881009,0.0005341880341880056,0.11886367539265358,Male,Yes,2,Graduate,No,Semiurban,360,0,N,yes
1.8663657463384593,0.0004444444444444247,-1.022195420921643,Male,Yes,1,Graduate,Yes,Semiurban,360,1,Y,yes
-0.6153311466459388,0.0006238303181534233,-0.9237277914060161,Male,Yes,2,Graduate,No,Urban,360,1,N,yes
0.2584173489011072,10000000000.0,0.46842879913984553,Female,No,0,Not Graduate,No,Rural,360,1,Y,no
-0.47299697908942173,10000000000.0,-0.3375186731416149,Male,Yes,3+,Not Graduate,No,Rural,360,1,Y,no
-1.4165762664891377,0.0003174603174603074,0.014312395572704271,Male,Yes,0,Graduate,No,Semiurban,360,1,Y,yes
1.4508597300405897,10000000000.0,1.2843451740231258,Male,Yes,0,Graduate,No,Semiurban,360,1,Y,no
1.143442748110152,10000000000.0,1.3526023290604845,Male,Yes,2,Graduate,No,Semiurban,360,1,Y,no
-1.572546701464568,0.0004105090311986695,0.09624260292525748,Male,Yes,1,Not Graduate,No,Rural,360,1,Y,yes
-0.15394779636498174,10000000000.0,-1.1473826926376922,Male,No,2,Graduate,No,Rural,360,0,N,no
1.9983659681439208,10000000000.0,2.4018316581330024,Male,Yes,1,Graduate,No,Urban,360,1,N,no
0.3095106451059042,0.00048007681228994333,0.5859458438242636,Male,Yes,2,Graduate,Yes,Semiurban,360,1,Y,yes
-1.0644772364498738,10000000000.0,-1.2045294877289034,Male,No,0,Graduate,No,Urban,360,1,N,no
-0.7714221166729748,0.0003590664272890356,-0.7936380080012747,Male,No,0,Not Graduate,No,Semiurban,360,1,Y,yes
0.5570580542856562,0.0008841732979663232,0.9237277914060161,Male,Yes,1,Not Graduate,No,Urban,360,1,Y,yes
-0.07572094855989281,10000000000.0,-0.45478224426217045,Male,No,0,Not Graduate,No,Rural,360,1,Y,no
1.9152162843042373,10000000000.0,1.2390299119485766,Female,No,0,Not Graduate,Yes,Semiurban,360,1,Y,no
-0.12916542521397614,0.00046360686138152696,-0.2247343114131224,Male,Yes,0,Graduate,No,Rural,360,0,N,yes
-0.31810165227960546,0.001095290251916638,-0.5594473649594337,Female,Yes,1,Graduate,No,Semiurban,84,1,Y,yes
-0.8598244715315727,0.0005882352941176124,-0.535694569425127,Male,Yes,0,Not Graduate,No,Rural,360,1,Y,yes
0.3440190310993631,0.0003500175008750315,-0.4076595283505818,Male,Yes,0,Graduate,No,Urban,12,1,Y,yes
-0.6553616909401386,10000000000.0,-0.8480482628688094,Male,Yes,1,Graduate,Yes,Semiurban,360,1,Y,no
0.8568692858846154,0.00022644927536231372,1.1633236701902416,Male,No,0,Graduate,No,Rural,360,0,N,yes
-2.583232693830947,0.0002715177844148718,-0.3375186731416149,Female,No,0,Graduate,No,Rural,480,1,Y,yes
-0.4389674042716234,10000000000.0,-0.678344928845983,Female,No,0,Graduate,No,Semiurban,360,1,Y,no
0.4322233101463042,0.00017780938833570096,1.1553164834776448,Male,Yes,2,Graduate,No,Semiurban,360,1,Y,yes
0.12092298147937841,0.00018860807242549626,0.2584173489011072,Male,Yes,1,Not Graduate,No,Rural,360,1,N,yes
0.006133712868393416,0.0006743088334456727,-0.07982245278933635,Male,Yes,0,Not Graduate,No,Semiurban,300,1,Y,yes
-0.17674796648619634,0.00022644927536231372,1.33246330000184,Male,Yes,2,Graduate,No,Rural,360,1,Y,yes
2.2247036077725997,0.000149992500374979,2.13665051842023,Male,Yes,0,Graduate,No,Urban,360,1,Y,yes
-0.14567724862610737,10000000000.0,-0.7936380080012747,Male,No,0,Graduate,No,Urban,360,1,N,no
-1.0325928972217282,0.0003318951211417082,1.0153247287989173,Male,Yes,0,Graduate,Yes,Urban,360,1,Y,yes
1.6087674059163022,10000000000.0,-2.1571355288498446,Female,No,1,Graduate,No,Urban,360,1,Y,no
-0.125043141446493,0.0007770007770007166,-0.678344928845983,Male,No,0,Not Graduate,No,Rural,360,1,N,yes
0.7824817876282341,0.0004990019960079592,1.3628808489974094,Male,Yes,1,Graduate,No,Semiurban,360,1,Y,yes
-0.33103254585219605,0.0004914004914004672,0.37894213807390886,Male,Yes,2,Graduate,No,Urban,360,1,Y,yes
-1.3946144440845991,0.00015001500150014778,-1.347516231549953,Male,Yes,0,Graduate,No,Semiurban,180,1,N,yes
0.6809206568418328,0.0002727768685215419,1.7055529058381156,Male,No,0,Graduate,No,Rural,360,1,N,yes
-0.20590148816539017,0.00029171528588097163,0.40543882718985924,Male,Yes,3+,Graduate,No,Rural,360,1,Y,yes
-1.4746984319607546,0.0006127450980391782,-0.3375186731416149,Female,Yes,2,Graduate,No,Semiurban,480,1,Y,yes
-0.505259143006037,0.0005555555555555247,-0.10446214207366504,Male,Yes,0,Not Graduate,No,Semiurban,360,0,N,yes
0.3657940498235535,0.0005221932114882234,0.8989512466029389,Male,No,0,Graduate,No,Semiurban,360,1,N,yes
-0.2626476287971562,10000000000.0,-0.8480482628688094,Female,No,0,Not Graduate,No,Rural,360,1,N,no
-1.312850649681558,0.0005740528128587501,-1.983529459962034,Male,Yes,2,Not Graduate,No,Semiurban,360,1,Y,yes
-0.9619948273410501,10000000000.0,-1.6968624144272733,Male,No,0,Graduate,No,Semiurban,360,1,Y,no
0.6302238700940135,0.0007022471910111866,-0.678344928845983,Male,Yes,3+,Graduate,Yes,Rural,360,1,Y,yes
1.093756036920436,0.00013954786491766482,2.13665051842023,Male,Yes,2,Graduate,Yes,Rural,360,1,Y,yes
0.36142548038052325,0.0004791566842357221,0.6302238700940135,Male,No,0,Graduate,No,Semiurban,360,1,N,yes
1.9414618388711569,10000000000.0,1.9691171393482532,Male,Yes,2,Graduate,Yes,Rural,360,1,Y,no
-0.010222968742307348,10000000000.0,-0.45478224426217045,Male,Yes,0,Graduate,No,Semiurban,360,1,Y,no
0.5475323517056638,0.0006993006993006504,0.6202800766584906,Male,Yes,1,Not Graduate,No,Semiurban,360,0,Y,yes
-0.782481787628234,0.0007680491551458704,-0.8898012899946748,Male,No,1,Not Graduate,No,Semiurban,360,1,Y,yes
0.9426887477657963,10000000000.0,0.06547260677920458,Male,No,0,Not Graduate,No,Semiurban,360,1,Y,no
-2.334379553533778,0.0001818181818181785,1.2087636238017798,Male,Yes,0,Graduate,No,Rural,360,1,Y,yes
0.20381357480767553,10000000000.0,-0.678344928845983,Male,Yes,3+,Graduate,No,Urban,360,1,Y,no
-0.14154574380642973,10000000000.0,-0.45478224426217045,Male,No,2,Graduate,No,Rural,360,0,N,no
1.4869387255333097,10000000000.0,1.0717108667093578,Male,No,1,Graduate,No,Semiurban,360,1,N,no
1.9691171393482532,10000000000.0,-0.05318357245504571,Female,No,0,Not Graduate,Yes,Urban,360,1,Y,no
-0.9112695918569718,0.0004897159647404266,-0.028627723714253855,Male,No,0,Not Graduate,No,Rural,360,1,Y,yes
0.810560217208519,0.00025601638504863655,1.780214990533465,Male,Yes,0,Graduate,No,Urban,360,1,Y,yes
-0.11268874495543078,10000000000.0,-0.535694569425127,Male,No,2,Graduate,No,Semiurban,360,1,Y,no
-0.6427420096733587,0.0018656716417906965,-1.4686602680392549,Male,Yes,0,Not Graduate,No,Rural,360,1,N,yes
0.8989512466029363,10000000000.0,0.5145728379356206,Male,Yes,3+,Graduate,No,Rural,180,1,Y,no
0.335355066107158,0.00035149384885763265,0.29026304504284284,Female,Yes,1,Graduate,No,Semiurban,180,1,Y,yes
-1.362880848997409,10000000000.0,-0.7254284361057722,Female,No,0,Graduate,No,Semiurban,360,0,N,no
-0.10035152501694412,10000000000.0,-0.8480482628688094,Female,No,1,Graduate,No,Semiurban,360,1,Y,no
-1.2568467456041885,0.00039619651347066575,0.014312395572704271,Male,Yes,1,Not Graduate,No,Urban,360,1,Y,yes
-0.5427881205951426,0.0015082956259424571,-0.6252442453980434,Female,Yes,0,Not Graduate,No,Semiurban,360,1,Y,yes
-0.7227710524372916,0.0005128205128204865,0.48676143026395746,Male,Yes,0,Graduate,No,Rural,360,1,Y,yes
-0.28387135104643013,10000000000.0,-1.1473826926376922,Male,No,0,Not Graduate,No,Semiurban,36,1,N,no
-0.9174808916539096,0.0005608524957935748,0.3657940498235535,Male,No,0,Graduate,No,Rural,360,1,Y,yes
0.4821631544653404,10000000000.0,-0.6103972416161403,Female,No,0,Graduate,No,Semiurban,360,0,N,no
-0.7121920808452801,0.0004960317460317214,-0.45478224426217045,Male,Yes,0,Graduate,No,Rural,360,1,Y,yes
0.9237277914060161,10000000000.0,0.335355066107158,Male,Yes,2,Graduate,Yes,Rural,360,0,N,no
-1.00172517188126,0.0004210526315789296,0.3181016522796056,Male,Yes,1,Not Graduate,No,Rural,360,1,Y,yes
-0.30522373223245663,0.0003076923076922982,0.5404205851955626,Male,Yes,1,Graduate,No,Urban,360,1,Y,yes
-1.0501745969779528,0.00042863266180881145,0.8392927384628887,Male,Yes,0,Not Graduate,No,Urban,360,0,N,yes
-0.13741665367632094,0.00023441162681668462,0.11886367539265358,Male,Yes,0,Graduate,No,Rural,180,0,N,yes
0.5810977850307397,0.0009689922480619216,-2.482386299020859,Male,Yes,1,Graduate,No,Semiurban,360,1,Y,yes
-0.7880476375843186,0.0006153846153845775,-1.053730053553172,Female,No,0,Graduate,No,Urban,360,1,Y,yes
1.3946144440845996,10000000000.0,1.4746984319607546,Male,Yes,3+,Graduate,Yes,Semiurban,360,1,Y,no
0.05113623080095551,0.0003746721618583599,0.6402303742159859,Male,Yes,0,Graduate,No,Semiurban,360,1,Y,yes
0.17882509391414653,0.00043365134431914856,0.8539215645010246,Female,Yes,0,Graduate,No,Semiurban,360,1,Y,yes
-0.08392530026440756,0.00413223140495697,-0.5145728379356206,Male,Yes,2,Not Graduate,No,Semiurban,360,1,Y,yes
2.0294315372186174,10000000000.0,2.6455174972862943,Female,Yes,1,Graduate,Yes,Semiurban,360,1,Y,no
0.7121920808452802,0.00048685491723464034,1.1878049155971635,Male,Yes,0,Graduate,No,Rural,360,1,Y,yes
0.6757736934036206,10000000000.0,0.11886367539265358,Male,No,0,Not Graduate,Yes,Semiurban,360,1,Y,no
1.2130195421069454,10000000000.0,1.4165762664891384,Male,Yes,2,Graduate,No,Urban,360,0,N,no
0.2838713510464284,10000000000.0,-0.18090299316304523,Male,Yes,0,Not Graduate,No,Rural,360,1,Y,no
-0.30522373223245663,10000000000.0,-1.347516231549953,Male,No,0,Graduate,No,Urban,360,1,Y,no
-0.2626476287971562,0.000399999999999984,-0.10446214207366504,Male,Yes,3+,Graduate,No,Rural,360,0,N,yes
-1.143442748110152,10000000000.0,-5.199337582605575,Female,No,0,Graduate,No,Urban,360,1,N,no
-0.42773816312155877,0.00048449612403098427,-0.5859458438242635,Male,Yes,0,Graduate,No,Urban,360,0,N,yes
-0.24154157278872657,0.0005714285714285387,0.9237277914060161,Male,Yes,1,Graduate,No,Urban,360,1,Y,yes
0.505259143006037,0.0006891798759475748,0.6604388195034012,Male,Yes,3+,Graduate,No,Urban,360,0,N,yes
1.8435218479685265,10000000000.0,1.5382789507310404,Male,Yes,2,Graduate,No,Urban,360,1,Y,no
0.8048938917605363,0.0006153846153845775,0.965247459557299,Male,Yes,2,Not Graduate,No,Semiurban,480,1,N,yes
0.8928429680157626,10000000000.0,0.40543882718985924,Male,Yes,3+,Graduate,No,Semiurban,360,1,N,no
-0.4389674042716234,0.002169197396962653,-0.5145728379356206,Male,Yes,2,Graduate,No,Urban,84,1,Y,yes
-0.48216315446534,0.00045248868778278496,0.21635472313097096,Male,Yes,0,Graduate,No,Semiurban,360,0,N,yes
-0.3701696114345398,0.000365096750638906,-0.45478224426217045,Male,No,0,Graduate,No,Urban,360,1,Y,yes
-1.9152162843042362,0.0004480286738351054,-0.535694569425127,Male,Yes,1,Graduate,No,Rural,360,1,Y,yes
-0.39215606592815155,0.0003428179636612841,0.6202800766584906,Male,No,0,Graduate,No,Urban,360,1,Y,yes
0.9112695918569722,10000000000.0,1.1317280701245829,Male,Yes,2,Graduate,No,Semiurban,360,1,Y,no
-1.723330853927796,2.9553447409640247e-05,-0.9458819337007035,Male,No,0,Graduate,No,Urban,360,1,N,yes
-0.42773816312155877,10000000000.0,-2.2247036077725975,Female,Yes,0,Graduate,No,Semiurban,360,1,Y,no
-1.6552229466433483,10000000000.0,-1.5382789507310404,Male,Yes,1,Graduate,No,Rural,360,1,N,no
-0.7069324084733705,0.0005216484089723254,0.37016961143453997,Male,Yes,1,Graduate,No,Rural,360,0,N,yes
0.2100800187462121,0.0003333333333333222,0.7174715296491851,Male,Yes,1,Graduate,No,Rural,84,1,N,yes
-1.2215979444328557,0.0006570302233902328,-0.5859458438242635,Male,Yes,0,Graduate,No,Urban,360,1,Y,yes
-1.3424647551894753,10000000000.0,-1.347516231549953,Female,No,0,Not Graduate,No,Semiurban,360,1,Y,no
0.4010034032687261,10000000000.0,-0.8898012899946748,Male,No,0,Graduate,No,Semiurban,360,1,Y,no
-0.7441760361275339,10000000000.0,-0.5451587023631427,Male,Yes,2,Graduate,Yes,Semiurban,360,0,N,no
-0.5690368120816968,0.00029274004683839893,-1.647230857131706,Male,Yes,0,Graduate,No,Semiurban,180,1,Y,yes
0.744176036127534,10000000000.0,1.1317280701245829,Male,Yes,2,Graduate,Yes,Semiurban,240,1,N,no
1.2750717427365998,10000000000.0,1.6238652628381665,Male,No,3+,Graduate,Yes,Semiurban,360,1,Y,no
0.032718766907242514,0.00030303030303029387,0.31380325363327816,Male,Yes,0,Graduate,No,Rural,180,1,Y,yes
1.780214990533465,10000000000.0,1.4746984319607546,Male,Yes,0,Graduate,Yes,Urban,360,1,Y,no
0.014312395572704271,10000000000.0,-0.45478224426217045,Male,No,0,Not Graduate,No,Rural,360,1,Y,no
0.874714624685249,0.0009999999999999,0.965247459557299,Male,Yes,2,Not Graduate,Yes,Rural,360,1,N,yes
-0.5810977850307396,10000000000.0,-0.9883084029812413,Male,No,0,Graduate,No,Semiurban,360,0,N,no
1.342464755189476,10000000000.0,0.816252687850451,Male,Yes,0,Graduate,Yes,Rural,360,1,Y,no
0.6706445701278545,10000000000.0,1.0466323666171422,Male,Yes,2,Graduate,No,Urban,360,1,Y,no
-2.7201472336757075,2.399980800153593e-05,1.8435218479685003,Female,No,3+,Graduate,No,Urban,180,1,N,yes
-0.6604388195034012,0.000358166189111735,0.48676143026395746,Male,Yes,0,Not Graduate,No,Rural,360,1,Y,yes
0.6427420096733587,10000000000.0,0.014312395572704271,Male,Yes,3+,Graduate,No,Urban,360,1,Y,no
-0.07982245278933649,0.00023250406882119895,0.7174715296491851,Male,No,0,Graduate,No,Rural,360,1,Y,yes
1.5449882613158787,10000000000.0,2.3343795535337786,Female,Yes,1,Graduate,No,Semiurban,360,1,Y,no
-1.1012236122496464,0.00026315789473683516,0.32240593632092085,Male,Yes,0,Not Graduate,No,Urban,180,1,N,yes
-0.2626476287971562,0.000399999999999984,0.7387931261722569,Male,Yes,1,Graduate,No,Semiurban,360,1,Y,yes
0.08392530026440784,0.0007087172218284401,0.5145728379356206,Male,Yes,2,Not Graduate,No,Rural,360,1,Y,yes
-0.3657940498235535,0.0005128205128204865,-0.5145728379356206,Male,Yes,0,Graduate,No,Rural,360,1,Y,yes
-0.6503013998880744,10000000000.0,-1.284345174023125,Female,No,0,Graduate,No,Rural,360,1,Y,no
0.13741665367632067,10000000000.0,-2.1571355288498446,Male,Yes,3+,Graduate,No,Rural,180,1,Y,no
1.108753107380509,0.004166666666664931,1.3733054066202683,Male,Yes,1,Graduate,No,Urban,360,1,Y,yes
1.0431032203148425,10000000000.0,0.965247459557299,Male,Yes,2,Graduate,No,Urban,360,1,Y,no
0.3095106451059042,10000000000.0,0.14567724862610765,Female,No,0,Graduate,Yes,Semiurban,360,0,N,no
